"ID","Anno","Data morte","Regione","Provincia","Città","Nome","Cognome","Note di genere","Tipo","Paese di origine persona uccisa","Età persona uccisa","Causa di morte","Luogo","Sex worker","Disabilità","Disabilità - descrizione dai media """"""""","Occupazione vittima","Nome presunto colpevole","Paese di origine presunto colpevole","Età presunto colpevole","Relazione con la persona uccisa","Suicidio presunto colpevole","Occupazione presunto colpevole","Precedenti penali presunto colpevole","Se arma da fuoco, detenuta legalmente","Giustificazione - descrizione dei media """"""""","Denunce e/o contatti/accesso a CAV o SS","Numero figl* minori orfan*","Figl* minori presenti","Cosa succede dopo?","Reato contestato","Iter reato","Altre persone uccise_numero","Altre persone_descrizione","Descrizione","Versione"
"10","2026","09/02/2026","Sicilia","Ragusa","Vittoria","Beatrice","","(trans)","suicidio","Italia","14","-","Casa della vittima","-","-","-","-","","-","","","NON APPLICABILE","-","-","-","-","-","","NON APPLICABILE","-","-","-","-","-","Beatrice ha subito atti di bullismo e discriminazione transfobica. Spesso misgenderata (identificata con il genere sbagliato) sia in vita che, purtroppo, dopo la morte. Anche nella stampa inizialmente definito ""suicidio di un giovane ragazzo""","settembre 2026"
"17","2026","10/03/2026","Sicilia","Catania","Catania","Claudia","Laganà","(F)","suicidio","Italia","14","Cadut* dal balcone/finestra","Casa della vittima","-","-","-","studentessa","","-","","","NON APPLICABILE","-","-","-","-","-","","NON APPLICABILE","-","-","-","-","-","Claudia frequentava il quarto ginnasio. Si è tolta la vita per un malessere crescente perchè vittima di bullismo, isolamento e pressioni psicologiche","settembre 2026"
"20","2026","28/03/2026","Veneto","Rovigo","Castelguglielmo","Yan","Chen","(F)","suicidio","Cina","39","Annegamento","Spazio pubblico (parco, giardino, per strada)","-","-","-","-","","-","","","NON APPLICABILE","-","-","-","i genitori non accettavano che fosse madre single","-","","SI","-","-","-","1","il figlio piccolo di Yan","Yan si è gettata nel laghetto tenendo in collo il figlio Wang Lei di 15 mesi e sono annegati. Sono stati poi ritrovati da un passante.","settembre 2026"
"34","2026","01/06/2026","Lazio","Roma","Roma","","","(F)","in corso di accertamento","Venezuela (Repubblica Bolivariana del)","35","In corso di accertamento","Residence","-","-","-","-","","Sconosciuto","","sconosciuto","-","-","-","-","-","-","","NON APPLICABILE","-","-","-","-","-","La ragazza arrivata da qualche giorno a Roma era in albergo, dove è stata trovata morta. Non ci sono segni di violenza sul corpo, è stata disposta l'autopsia.","settembre 2026"
"40","2026","01/07/2026","Marche","Fermo","Marina Palmense","Elvira","Gentili","(F)","in corso di accertamento","Italia","62","In corso di accertamento","Spazio pubblico (parco, giardino, per strada)","-","-","-","disoccupata","","Sconosciuto","","sconosciuto","-","-","-","-","-","-","","NON APPLICABILE","-","-","-","-","-","Elvira è stata trovata morta sulla scogliera con volto tumefatto e ecchimosi, un passante ha avvistato il corpo. Un residente l'ha vista che scendeva a piedi verso la costa. Di recente si era chiusa la relazione sentimentale con il partner. Le ecchimosi, la mancanza di un biglietto e le chiavi lasciate nella porta di casa sono gli aspetti ancora da chiarire.","settembre 2026"
"1","2026","04/01/2026","Emilia Romagna","Modena","Castelnuovo Rangone","Monica","Canepari","(F)","omicidio","Italia","60","Martellate","Casa condivisa","-","-","-","caregiver","Eros Canepari","Italia","89","padre","NO","-","-","-","problemi mentali","-","","NON APPLICABILE","morto in ospedale dopo un malore in carcere","Estinzione del reato per decesso","-","-","-","Monica è stata colpita alla testa e al collo dal padre che ha usato un martello Il padre era seguito da tempo da una struttura di salute mentale e a settembre gli era stata tolta una pistola che deteneva regolarmente perchè ritenuto pericoloso. Era presente anche la madre. Monica viveva con i genitori. La mdre è morta a fine gennaio. Anche il padre è morto in carcere a fine gennaio","settembre 2026"
"4","2026","13/01/2026","Piemonte","Novara","Cameri","Maria Teresa","Gavinelli","(F)","omicidio","Italia","83","Arma da fuoco","Casa condivisa","-","SI","malata","-","Gian Franco Brignone","Italia","87","marito","SI","-","-","SI","ha messo fine alle sofferenze","-","","NON APPLICABILE","si è tolto la vita","Estinzione del reato per decesso","-","-","-","I corpi senza vita di Maria Teresa e del marito sono stati trovati dal figlio. Il marito di Maria Teresa aveva una collezione di armi regolarmente detenute e ha usato una delle sue pistole per uccidere Maria Teresa e poi uccidersi .","settembre 2026"
"5","2026","22/01/2026","Friuli Venezia Giulia","Udine","Latisana","Luigia","Rossi","(F)","omicidio","Italia","78","Accetta","Casa condivisa","-","-","-","casalinga","Luigi Condotto","Italia","80","marito","SI","muratore e bagnino","-","-","lasciato lettera che giustifica il gesto per amore","-","","NON APPLICABILE","si è tolto la vita","Estinzione del reato per decesso","-","-","-","Luigia e il marito sono stati trovati senza vita dalla sorella di lei che, non essendo riuscita a mettersi in contatto, è andata a casa e ha trovato la porta aperta. Luigia era in camera colpita alla testa e al volto e il marito riverso con ferite da arma da taglio. Un parente ha detto che c'era un disagio da tempo legato a dinamiche familiari complesse.","settembre 2026"
"6","2026","23/01/2026","Calabria","Vibo Valentia","Mileto","Assunta","Currà","(F)","omicidio","Italia","55","Arma da fuoco","Casa condivisa","-","-","-","casalinga","Pasquale Calzone","Italia","63","ex marito","SI","commercialista","-","SI","si erano separati, lei era in casa per prendere alcuni oggetti personali","-","","NON APPLICABILE","si è tolto la vita","Estinzione del reato per decesso","-","-","-","Assunta e l'ex marito sono stati trovati privi di vita dal fratello di lui. Si erano separati da più di 1 anno e lei era andata a vivere dalla sorella in Toscana. Si trovava a Mileto (Vibo Valentia) per prendere alcune cose nella casa che aveva condiviso con il marito. Mentre stava facendo le valigie è scoppiata una lite, lui gli ha sparato con una delle armi che teneva in casa, e con la stessa si è sparato un colpo alla tempia.","settembre 2026"
"21","2026","15/04/2026","Puglia","Bari","Bisceglie","Patrizia","Lamanuzzi","(F)","omicidio","Italia","54","Cadut* dal balcone/finestra","Casa condivisa","-","-","-","lavorava in un centro commerciale","Luigi Gentile","Italia","61","marito","SI","ferramenta/agricoltore","-","-","si stavano separando","-","","NON APPLICABILE","si è tolto la vita","Estinzione del reato per decesso","-","-","-","Patrizia è stata lanciata dal balcone di casa dal marito, che poi si è tolto la vita nello stesso modo. Una vicina di casa ha sentito la lite, Patrizia urlare e poi cadere. Si stavano separando e i litigi erano frequenti, da 2 mesi non vivevano più insieme. L'autopsia ha accertato segni di strangolamento sul corpo di Patrizia.","settembre 2026"
"22","2026","18/04/2026","Piemonte","Asti","Cossombrato","Drita","Mecollari","(F)","omicidio","Albania","55","Accetta","Spazio pubblico (parco, giardino, per strada)","-","-","-","apicoltrice","Astri Koni","Albania","59","ex marito","SI","giardiniere","-","-","geloso della nuova relazione di lei","-","","NON APPLICABILE","si è tolto la vita","Estinzione del reato per decesso","-","1","Il compagno di Drita, Bardhok Gega di 57 anni","I corpi di Drita e del suo compagno sono stati trovati in un'area agricola, uccisi la sera prima con un'arma da taglio, tipo roncola. L'omicida si è poi ucciso gettandosi dalla torre del castello del paese.","settembre 2026"
"24","2026","21/04/2026","Emilia Romagna","Bologna","Castel Maggiore","Adriana","Mazzanti","(F)","omicidio","Italia","63","Strangolamento","Casa condivisa","-","-","-","pensionata, maestra di canto","Mauro Zaccarini","Italia","73","marito","SI","pensionato","-","-","erano separati in casa","-","","NON APPLICABILE","si è tolto la vita","Estinzione del reato per decesso","-","-","-","Il corpo di Adriana, insieme a quello del marito Mauro, sono stati trovati dal figlio di Mauro. Lei era in cucina senza segni apparenti di violenza e lui si è impiccato in mansarda. E' stato trovato un biglietto scritto dall'uomo. La coppia era in crisi e vivevano separati in casa","settembre 2026"
"26","2026","30/04/2026","Veneto","Verona","Verona","Fabiana","Marcolini","(F)","suicidio","Italia","58","Impiccagione","Casa della vittima","","","-","","","","58","marito","SI","-","-","-","violenze fisiche e psicologiche","SI","","NON APPLICABILE","arresti domiciliari con braccialetto elettronico nell agosto 2026, malatato da tempo. Pochi giorni dopo è stato trovato morto","Estinzione del reato per decesso","-","-","","La donna è stata trovata impiccata in casa. Aveva lasciato un biglietto dove diceva che non ce la faceva piu per le vessazioni del marito. Le indagini hanno evidenziato una vita di violenze. Aveva gia tentato il suicidio ma era stata salvata dal figlio. Lui il 14/8/26  è stato trovato morto in casa, si è tolto la vita dopo che era stato messo agli arresti domiciliari per istigazione al suicidio.","settembre 2026"
"41","2026","03/07/2026","Toscana","Lucca","Lido di Camaiore","Myria","Dini","(F)","omicidio","Italia","67","Coltellate","Spazio pubblico (parco, giardino, per strada)","-","SI","Si trovava in ospedale in stato neurovegetativo","pensionata","Franco Rossi","Italia","86","ex marito","SI","pensionato","-","-","sofferenza della donna","-","","NON APPLICABILE","-","Estinzione del reato per decesso","-","-","-","Myria era ricoverata da tre settimane in gravi condizioni. Era in riabilitazione. Franco andava tutti i giorni a trovarla. La mattina verso le 11 è andato a trovarla e l'ha ripetutamente accoltellata e poi si è gettato dalla finestra dell ospedale. Erano separati ma continuavano a convivere.","settembre 2026"
"46","2026","11/07/2026","Emilia Romagna","Bologna","Bologna","Gianna","Galletti","(F)","omicidio","Italia","86","Arma da fuoco","Casa condivisa","-","SI","-","-","Roberto Rizzioli","Italia","82","marito","SI","pensionato","-","SI","-","-","","NON APPLICABILE","-","Estinzione del reato per decesso","-","-","-","Gianna, mentre dormiva,  è stata uccisa con due colpi di pistola dal marito che poi si è sparato. Gianna sembra avesse una grave malattia. La porta era socchiusa e sono stati trovati dai vicini.C'era una lettera di addio con le ultima volentà e i riferimenti al testamento.","settembre 2026"
"16","2026","10/03/2026","Sicilia","Messina","Messina","Daniela","Zinnanti","(F)","omicidio","Italia","50","Coltellate","Casa della vittima","-","-","-","caregiver","Santino Bonfiglio","Italia","67","ex partner","NO","camionista","-","-","non accettava la separazione avvenuta","-","","NON APPLICABILE","arrestato","Femminicidio Articolo 577-bis c.p.","-","-","-","Daniela è stata accoltellata in casa sua dall'ex. Erano stati insieme fino a un mese prima. L'uomo l'aveva picchiata e lei era andata in ospedale, aveva denunciato e poi ritirato la denuncia. Lui era agli arresti domiciliari ma senza braccialetto perchè non erano disponibili.","settembre 2026"
"25","2026","23/04/2026","Puglia","Foggia","Foggia","Stefania","Rago","(F)","omicidio","Italia","46","Arma da fuoco","Casa condivisa","-","-","-","lavoratrice domestica","Antonio Fortebraccio","Italia","48","marito","NO","guardia giurata","-","SI","si stavano separando","-","","NON APPLICABILE","arrestato","Femminicidio Articolo 577-bis c.p.","-","-","-","Stefania è stata raggiunta dai colpi di arma da fuoco sparati dal marito durante un litigio. Lui, guardia giurata, ha usato la pistola di ordinanza. Stefania aveva detto a lui che voleva separarsi e lo aveva comunicato anche ai genitori, parenti e conoscenti. Secondo i vicini le liti e le urla erano frequenti. L'uomo si è presentato in caserma. I figli della coppia, poco più che ventenni, non erano in casa al momento dell'omicidio.","settembre 2026"
"33","2026","01/06/2026","Sicilia","Catania","Misterbiano","Alessandra","Bruno","(F)","omicidio","Italia","49","Martellate","Casa della vittima","-","-","-","-","Salvatore Mallamo","Italia","53","marito","NO","autista","-","-","-","-","3","SI","arrestato","Femminicidio Articolo 577-bis c.p. aggravata dal legame di parentela","-","-","-","Alessandra è stata aggredita in casa dal marito la notte tra il 30 e il 31 maggio. Ricoverata in gravissime condizioni è morta l'1 giugno. E' stata la figlia più grande a trovare Alessandra con una grave ferita alla testa e a chiamare i soccorsi.","settembre 2026"
"18","2026","18/03/2026","Lombardia","Bergamo","Bergamo","Valentina","Sarto","(F)","omicidio","Italia","41","Coltellate","Casa condivisa","-","-","-","barista","Vincenzo Dongellini","Italia","49","marito","TENTATO","disoccupato","-","-","non accettava la separazione avvenuta","-","","NON APPLICABILE","arrestato","Femminicidio Articolo 577-bis c.p. aggravato dai maltrattamenti in famiglia, dalla premeditazione e dai futili motivi","-","-","-","Valetina è stata uccisa dal marito che l'ha accoltellata al termine di una lite. L'uomo avrebbe mentito sull'ora e la dinamica del femminicidio. I due si erano separati e Valentina aveva iniziato una nuova relazione, ma l'uomo si era gà mostrato in precedenza violento e aggressivo.","settembre 2026"
"29","2026","16/05/2026","Campania","Napoli","Pollena Trocchia","Sara","Tkacz","(F)","omicidio","Italia","29","Cadut* dal balcone/finestra","Edificio abbandonato","SI","","-","sex worker","Mario Landolfi","Italia","49","cliente","TENTATO","disoccupato","SI","-","-","-","","NON APPLICABILE","arrestato","Femminicidio Articolo 577-bis c.p. Duplice femminicidio di Sara Tkacz e Lyuba Hlyva","-","-","-","Sara è stata avvicinata ad una fermata dell'autobus, e portata nei pressi di un edificio abbandonato. Secondo l'uomo, lei aveva chiesto più soldi visto il luogo fatiscente, scatenando la lite. La donna sarebbe caduta nel vano ascensore. Landolfi, sposato e disoccupato, faceva uso di sostanze stupefacenti.","settembre 2026"
"30","2026","17/05/2026","Campania","Napoli","Pollena Trocchia","Lyuba","Hlyva","(F)","omicidio","Ucraina","49","Cadut* dal balcone/finestra","Edificio abbandonato","SI","","-","sex worker","Mario Landolfi","Italia","49","cliente","TENTATO","disoccupato","SI","-","-","-","","NON APPLICABILE","arrestato","Femminicidio Articolo 577-bis c.p. Duplice femminicidio di Sara Tkacz e Lyuba Hlyva","-","-","-","Lyuba è stata uccisa da un uomo, suo cliente. Pensava di essere portata in albergo e invece l'uomo l'ha portata nello stesso edificio abbandonato dove la sera prima aveva già ucciso. L'uomo ha raccontato di una lite sul pagamento della prestazione, e di una colluttazione che ha portato alla morte della donna, caduta dalle scale. L'uomo ha confessato entrambi i femminicidi. Ha tentato di togliersi la vita in carcere due settimane dopo l'arresto.","settembre 2026"
"9","2026","06/02/2026","Piemonte","Asti","Nizza Monferrato","Zoe","Trinchero","(F)","omicidio","Italia","17","Strangolamento","Spazio pubblico (parco, giardino, per strada)","-","-","-","lavorava in un bar","Alex Giuseppe Manna","Italia","20","ex partner","NO","lui non accettava la separazione","-","-","-","-","","NON APPLICABILE","arrestato e accusato di femminicidio","Femminicidio Articolo 577-bis c.p. e calunnia","-","-","-","Zoe è stata strangolata e il suo corpo gettato in un fiume. Aveva passato la sera a casa di amici e si era poi allontanata da sola. Non riuscendo a contattarla, sono gli stessi amici che l'hanno trovata e hanno tirato fuori il suo corpo dall'acqua. Un giovane di 20 anni è stato fermato e ha confessato.","settembre 2026"
"49","2026","20/07/2026","Piemonte","Torino","Torino","Daniela","Florea","(F)","omicidio","Romania","35","Soffocamento","Casa della vittima","-","-","-","impresa di pulizie ospedale Regina Mrgherita","Daniel Trandafir","Romania","45","ex partner","NO","idraulico","-","-","-","-","1","NO","arrestato","Femminicidio Articolo 577-bis c.p. Il movente del delitto è da ricondurre alla mancata accettazione da parte del 45enne della fine della relazione, voluta dalla donna già da mesi.","-","-","-","Daniela è stata ritrovata morta nel suo appartamento, avvolta in un lenzuolo e nascosta in un letto contenitore. Era in stato di decomposizione. Sono stati i vicini che hanno allertato a causa del cattivo odore e anche i compagni di lavoro. L'autopsia ha stabilito che ha ricevuto un colpo in testa e poi è stata soffocata con un cuscino, e che potrebbe essere morta 10 giorni prima del ritrovamento. Indagato l'ex partner, l'uomo è stato arrestato il 05/08 con l'accusa di femminicidio, occultamento di cadavere e maltrattamenti.","settembre 2026"
"3","2026","08/01/2026","Lazio","Roma","Anguillara","Federica","Torzullo","(F)","omicidio","Italia","41","Coltellate","Casa della vittima","-","-","-","impiegata poste centro meccanografico","Claudio Carlomagno","Italia","47","marito","NO","impresario ditta lavori scavi","-","-","-","-","1","NO","arrestato","Femminicidio Articolo 577-bis c.p. oltre al reato di vilipendio e occultamento di cadavere","-","-","-","Federica è scomparsa  la sera dell'8/1 e così il cellulare e i documenti. Telecamere vicino a casa la riprendono che entra in casa ma non esce più. Il marito ha denunciato la scomparsa dopo le pressioni della suocera e dei colleghi di Federica. Lei e il marito si stavano separando. Federica da un anno aveva un altra relazione. Era prevista l'udienza e discutevano dell'affidamento del figlio di 10 anni. Il 18/1/2026 è stato ritrovato il corpo in un canneto dietro la ditta del marito che è stato portato in caserma e ha confessato motivando con la paura di perdere il figlio.L'autopsia ha riscontrato23 coltellate sul corpo di Federica, molte post motem. Carlomagno ha cercato di rendere irriconoscibile il cadavere bruciandolo e cercando di farlo a pezzi. I genitori di Carlomagno si sono impiccati nel giardino della loro casa lasciando un biglietto con la spiegazione","settembre 2026"
"42","2026","5/7/2026","Emilia Romagna","Reggio Emilia","Marola","Maria Daniela","Hernandez Ramirez","(F)","in corso di accertamento","Colombia","31","In corso di accertamento","Casa condivisa","-","-","-","ricercatrice università di Bonn","Niccolò Pamapaloni","Italia","39","partner","NO","ricercatore universitario ingegneria Berlino","","-","-","-","","NON APPLICABILE","indagato per istigazione a piede libero","Istigazione al suicidio","-","-","-","La donna è stata ritrovata dal compagno che era andato in taverna dopo una lite. Avevano preso una casa in affitto. Lui di origini toscane ma vivevano assieme in Germania. Sembra che ci sia anche una lettera ma gli investigtori stanno facendo indagini. Dubbi anche per il cavo del ferro da stiro compatibile con i segni sul collo di Maria Daniela. Disposta l'autopsia.","settembre 2026"
"32","2026","30/05/2026","Emilia Romagna","Ferrara","Ferrara","Samanta","Zironi","(F)","omicidio","Italia","50","Coltellate","Casa condivisa","-","-","-","-","Vladimiro Lombardi","Italia","52","marito","NO","-","-","-","la donna subiva violenze da tempo","-","","NON APPLICABILE","arrestato","Omicidio  aggravato dal rapporto di parentela. il delitto è maturato al culmine di una lite familiare e non per ragioni di odio o discriminazione di genere","-","-","-","Samanta è stata trovata morta nella sua casa. E' stato il marito che l'ha uccisa a chiamare i carabinieri.","settembre 2026"
"31","2026","29/05/2026","Lazio","Roma","Roma","Vittoria Maria Rosa","De Donato","(F)","omicidio","Italia","78","Percosse","Casa condivisa","-","-","-","pensionata","Francesco Oliveto","Italia","48","figlio","NO","-","-","-","problemi psichici certificati del figlio","-","","NON APPLICABILE","arrestato","Omicidio aggravato dal vincolo di parentela (discendente contro ascendente) ai sensi dell'articolo 577, comma 1, numero 1 del Codice Penale","-","-","-","Vittoria è stata uccisa dal figlio al termine di una lite. Lui le ha sbattuto la testa contro un tavolo e poi l'ha colpita con un mattarello. Ha nascosto il corpo in cantina. Le indagini sono scattate a seguito di una denuncia per scomparsa fatta dai familiari. L'uomo ha confessato. Sembra che nel quartiere fossero noti i suoi atteggiamenti aggressivi verso l'ex moglie quado erano ancora insieme e poi verso la madre.","settembre 2026"
"27","2026","08/05/2026","Emilia Romagna","Piacenza","Piacenza","Milena","Vitanova","(F)","omicidio","Macedonia del Nord","56","Coltellate","Casa condivisa","-","-","-","-","Hako Vitanova","Macedonia del Nord","60","marito","TENTATO","impiegato settore logistica","-","-","-","-","","NON APPLICABILE","arrestato","Omicidio aggravato.  I magistrati ritengono infatti che il delitto sia maturato all'interno di un grave contesto di ""disperazione"" e di ""comportamenti disturbati"" legati al forte trauma familiare per la perdita di un figlio, avvenuta nel 2020 in un incidente stradale","-","-","-","Milena è stata uccisa dal marito con un coltello. Lui ha chiamato il 112 e poi è fuggito. E' stato ritrovato al cimitero dove c'è la tomba di uno dei figli della coppia, che si era tolto la vita. Hanno 4 figli, che l'uomo aveva accompagnato da un parente prima di uccidere la moglie. La procura non inquadra il fatto come femminicidio, ma come atto in un contesto familiare di disperazione a seguito della morte del figlio.","settembre 2026"
"28","2026","15/05/2026","Veneto","Belluno","Pelos","Veronica","Zanette","(F)","omicidio","Italia","26","In corso di accertamento","Casa dell'autore","-","-","-","-","","","","","","-","-","-","-","-","","NON APPLICABILE","-","Omicidio colposo (articolo 589 del Codice Penale) e morte come conseguenza di altro delitto","-","-","-","La ragazza era ospite di un'amica, ha accusato un malore ed è morta. L'autopsia ha stabilito che non si tratta di morte naturale. Saranno fatti esami tossicologici.","settembre 2026"
"19","2026","25/03/2026","Sicilia","Palermo","Palermo","Gherda","Caruso","(F)","in corso di accertamento","Albania","50","In corso di accertamento","Casa condivisa","-","-","-","-","Giuseppe Greco","Italia","46","marito","NO","camionista","-","-","-","-","","NON APPLICABILE","indagato per omicidio preterintenzionale","Omicidio preterintenzionale.L'applicazione del nuovo reato autonomo di femminicidio (art. 577-bis c.p.) presuppone la certezza di un'azione omicida volontaria mossa da intenti di prevaricazione, controllo o odio di genere. Nel caso di Gherda Caruso, la prima ispezione cadaverica del medico legale non ha evidenziato segni di violenza o traumi evidenti riconducibili a un'aggressione diretta","-","-","-","Gherda è stata trovata morta in casa dal marito quando è rientrato da lavoro. Lui ha detto di averla chiamata molte volte ma non ha ricevuto risposta. L'autopsia non è riuscita a definire le cause e si aspettano gli esami tossicologici per capire se Gherda è stata avvelenata. Lui ha detto di non aver mai fatto del male alla moglie. I genitori di Gherda sostengono che sia stato il marito a uccidere Gherda. Inizialmente lui non li ha fatti entrare in casa.","settembre 2026"
"35","2026","12/06/2026","Veneto","Venezia","San Stino di Livenza","Chiara","Guerra","(F)","omicidio","Italia","53","Coltellate","Spazio pubblico (parco, giardino, per strada)","-","-","-","insegnante","","Italia","17","nipote","NO","-","-","-","-","-","","NON APPLICABILE","detenuto nell'istituto penitenziario minorile di Rovigo","Omicidio volontario (art. 575 c.p.) aggravato dai futili motivi e dai legami familiari e all'occultamento di cadavere","-","-","-","La donna è stata ritrovata nel fiume Loncon distante dal punto indicato dal nipote dove ha lanciato il corpo. Ha colpito Chiara con 20 coltellate e ha tentato di bruciarla.Poi ha gettato il corpo nel fiume. Disposta l'autopsia..","settembre 2026"
"48","2026","16/07/2026","Emilia Romagna","Rimini","Coriano","Tania","Sperindio","(F)","omicidio","Italia","63","Martellate","Casa dell'autore","-","-","-","gestiva negozio di fiori insieme all'ex marito","Mario Bonifazi","Italia","71","ex marito","NO","gestiva negozio fiori con la ex moglie","-","-","-","-","2","NO","arrestato, accusato di omicidio aggravato da vincolo parentela e crudeltà Richiesta perizia psichiatrica il 15/8","Omicidio volontario aggravato (artt. 575 e 577 c.p.) movente di natura strettamente economico-patrimoniale","-","-","-","Tania è stata uccisa dall'ex marito, dal quale si era separata da circa 3 anni, con un colpo in testa. Ha chiamato lui la polizia ed è stato trovato accanto al corpo della moglie. Si erano trovati con un geometra per mettere in vendita la casa di famiglia dove lui viveva.","settembre 2026"
"39","2026","28/06/2026","Liguria","Imperia","Sanremo","Mary Elizabeth","Hopkins","(F)","omicidio","Stati Uniti d'America","54","Soffocamento","Casa condivisa","-","-","-","docente","Becken Olivieri","Italia","51","partner","NO","-","-","-","-","-","","NON APPLICABILE","arrestato","Omicidio volontario aggravato dal rapporto di convivenza](1.1.1, 1.3.4) (artt. 575 e 577","-","-","-","Mary Elizabeth è stata trovata in casa morta soffocata dopo che il compagno è andato a costituirsi dai carabinieri. Vivevano insieme nel bosco. Sembra avessero litigato. per motivi economici. Lei non voleva più mantenerlo","settembre 2026"
"47","2026","13/7/2026","Lazio","Roma","Roma","Dafne","Rebaudo","(F)","omicidio","Italia","30","Cadut* dal balcone/finestra","Spazio pubblico (parco, giardino, per strada)","-","-","-","truccatrice","Mohamed Trabelsi","Tunisia","41","partner","NO","-","SI","-","-","-","","NON APPLICABILE","arrestato","Omicidio volontario aggravato dal vincolo della convivenza sentimentale","-","-","-","Il corpo della donna è stato trovato per strada a Tor Bella Monaca, senza documenti. Inizialmente hanno pensato al suicidio. Era arrivata a Tor Bella Monaca da circa 2 giorni. Sono riusciti a identificare Dafne dopo alcuni giorni e poi le telecamere di sorveglianza e le testimonianze dei vicini hanno portato ad arrestare il partner per omicidio.","settembre 2026"
"43","2026","06/07/2026","Liguria","Imperia","Sanremo","Lorella","Capano","(F)","omicidio","Italia","58","Strangolamento","Casa condivisa","-","-","-","-","Filippo Oldani","Italia","20","figlio","NO","-","-","-","-","-","","NON APPLICABILE","arrestato","Omicidio volontario aggravato dal vincolo di coniugio](1.2.2, 1.2.4) (artt. 575 e 577 c.p.) : Il reato autonomo di femminicidio punisce l'uccisione di una donna mossa da intenti di odio, discriminazione, controllo, possesso o prevaricazione di genere. Nel caso della signora Cavalotto, il movente emerso dagli interrogatori e dalle indagini risiede in un disperato contesto di malattia e logoramento. La donna, infatti, era affetta da una grave forma di demenza.","-","-","-","Lorella è stata trovata morta nella casa in cui stava trascorrendo le vacanze col figlio e il marito. Il figlio ha chiamato per aprire perché l'appartamento era chiuso dall'interno, ma è stato interrogato come possibile responsabile. Ha confessato l'omicidio il 10/7","settembre 2026"
"38","2026","25/06/2026","Campania","Salerno","Nocera Inferiore","Luciana","Capozzoli","(F)","omicidio","Italia","56","Strangolamento","Casa dell'autore","-","-","-","-","Gerardo Iappico","Italia","69","marito","NO","ex impiegato delle poste","-","-","-","-","","NON APPLICABILE","arrestato","Omicidio volontario aggravato dal vincolo di coniugio](1.2.3, 1.2.5) (regolato dagli articoli 575 e 577 del Codice Penale)","-","-","-","Luciana è stata trovata morta in casa con segni sul collo e nastro adesivo alla bocca. Disposta autopsia. Marito in stato di fermo perchè si è cotraddetto piu volte","settembre 2026"
"44","2026","06/07/2026","Liguria","Savona","Savona","Pia","Cavallotto","(F)","omicidio","Italia","86","Arma da fuoco","Casa condivisa","-","SI","Demenza senile","","Dino Marassio","Italia","98","marito","NO","pensionato","-","SI","non ce la faceva ad accudirla","-","","NON APPLICABILE","trasferito in una RSA","Omicidio volontario aggravato dal vincolo di parentela (artt. 575 e 577, primo comma, n. 1 del Codice Penale) Mancando un movente basato sulla discriminazione o sulla sottomissione di genere,","-","-","-","Pia è stata uccisa dal marito a colpi di pistola durante una lite. Lei era affetta da demenza senile e lui non ce la faceva più. Agli inquirenti ha detto che erano d'accordo per uccidersi. Lui aveva solo escoriazioni.","settembre 2026"
"8","2026","03/02/2026","Campania","Napoli","Napoli","Jlenia","Musella","(F)","omicidio","Italia","22","Coltellate e percosse","Casa condivisa","","","-","","Giuseppe Musella","Italia","28","fratello","NO","-","-","-","-","-","","NON APPLICABILE","arrestato","Omicidio volontario aggravato dal vincolo di parentela articolo 577 c.p.. [1, 2] (ergastolo)","-","-","-","Jlenia è stata accoltellata dal fratello che prima l'aveva anche percossa.I due vivevano nella stessa casa. Il patrigno è in carcere e la madre aveva avuto problemi di fìdroga. Anche il fratello Giuseppe sembra legato alla malavita. Jlenia è stata portata all'ospedale dal fratello che poi è scappato per consegnarsi la sera alle forze dell ordine. L'autopsia ha stabilito che il coltello non è stato lanciato, come diceva il fratello, ma lJlenia è stata pugnalata alle spalle","settembre 2026"
"11","2026","12/02/2026","Piemonte","Torino","Piobesi","Enrica","Bardotti","(F)","omicidio","Italia","85","Martellate","Casa condivisa","-","-","-","-","Marco Paventi","Italia","58","figlio","NO","disoccupato","-","-","motivi di denaro","-","","NON APPLICABILE","arrestato","Omicidio volontario aggravato dal vincolo di parentela e occultamento di cadavere","-","-","-","Enrica era scomparsa e  il figlio inizialmente ha detto che era morta per morte naturale. L'uomo ha raccontato di averla sepolta nel bosco perché era andato nel panico. Interrogato ha ammesso di averla uccisa per continuare a prendere la pensione. Un'amica di Enrica ha allertato le forze dell'ordine perché non riusciva a trovarla.","settembre 2026"
"15","2026","08/03/2026","Liguria","Genova","Genova","Maria","Marchetti","(F)","omicidio","Italia","86","Coltellate","Casa condivisa","-","-","-","-","Fabio Fibrini","Italia","52","figlio","NO","-","-","-","-","-","","NON APPLICABILE","arrestato","Omicidio volontario aggravato dal vincolo di parentela Escluso il 577-bis poiché il movente è radicato in una drammatica situazione di grave patologia psichiatrica dell'aggressore","-","-","-","Maria è stata trovata morta in casa uccisa con diverse coltellate. E' stato il figlio maggiore insospettito percè la madre non rispondeva a dare l'alarme. In casa è stato trovato anche il figlio di 52 annni che viveva con lei con gli abiti sporchi di sangue. L'uomo ha problemi psichiatrici, ed è stata fissata una perizia psichiatica.","settembre 2026"
"7","2026","28/01/2026","Piemonte","Torino","Caselle","Luciana","Cat Berro","(F)","omicidio","Italia","65","Pistola spara chiodi per animali","Casa della vittima","-","-","-","gestiva azienda agricola","Luca Ferri","Italia","40","figlio","NO","titolare dell'azienda agricola condivisa con la madre","-","-","sostiene che la madre e la sorella lo distruggessero","-","","NON APPLICABILE","arrestato","Omicidio volontario aggravato dal vincolo di parentela. 575 e 577, comma 1, n. 1 del Codice Penale (ergastolo)","-","-","-","Luciana è stata colpita alla testa da una pistola spara chiodi per animali che le ha puntato il figlio che poi ha chiamato il 112. Luciana è stata portata in ospedale ed è deceduta dopo alcuni giorni. Il figlio aveva detto che la madre e la sorella lo distruggevano. Problemi con l'eredità. A un amico poco prima aveva mandato un audio dicendo che aveva bevuto molto","settembre 2026"
"12","2026","18/02/2026","Toscana","Firenze","Scandicci","Silke","Sauer","(F)","omicidio","Germania","44","Corpo contundente","Edificio abbandonato","-","-","-","senza fissa dimora","Issam Chlih","Marocco","29","sconosciuto","NO","senza fissa dimora","-","-","lite x banali motivi in contesto di profondo degrado","-","","NON APPLICABILE","fermo e misura cautelare per Issam","Omicidio volontario aggravato dalla crudeltà e dai futili motivi Carabinieri hanno escluso che il delitto sia maturato all'interno di una relazione affettiva stabile o guidato da logiche di controllo e odio di genere, presupposti fondamentali per l'applicazione del reato autonomo di femminicidio (577-bis c.p.).","-","-","-","Silke è stata ritrovata con gli abiti addoso, ferite e segni di violenza e decapitata, in un luogo abbandonato. Ha dato l'allarme un altro uomo senza fissa dimora insospettito dall'abbaiare di un cane legato a pochi metri dal corpo di Silke. Sembra che Silke e Issam si conoscessero e avessero diviso un giaciglio di fortuna. Nei giorni precedenti il delitto Issam era stato segnalato per comportamenti aggressivi nella zona. L'uomo noto alle forze dell'ordine e sottoposto all'obbligo di firma. Gli inquirenti suppongono che l'assassino abbia tentato di colpire Silke senza ucciderla, e poi abbia infierito sulla gola fino a decapitarla.","settembre 2026"
"36","2026","24/06/2026","Toscana","Lucca","Camaiore","Kety","Andreoni","(F)","omicidio","Italia","51","Arma da fuoco","Casa condivisa","-","-","-","operatrice socio sanitaria","Pietro Moriconi","Italia","63","marito","NO","muratore","-","SI","Non accettava l'orientamento sessuale del figlio e il sostegno della moglie/madre al figlio","-","","NON APPLICABILE","arrestato","Omicidio volontario aggravato dalla premeditazione e dal vincolo di parentela","-","-","-","Kety è stata uccisa dal marito a colpi d'arma da fuoco, insieme al figlio, al rientro a casa. L'uomo non accettava l'orientamento sessuale del figlio e erano frequenti le liti in casa.","settembre 2026"
"37","2026","24/06/2026","Toscana","Lucca","Camaiore","Mirko","Andreoni","(M)","omicidio","Italia","24","Arma da fuoco","Casa condivisa","-","-","-","barista","Pietro Moriconi","Italia","63","padre","NO","muratore","-","SI","Non accettava l'orientamento sessuale del figlio e il sostegno della moglie/madre al figlio","-","","NON APPLICABILE","arrestato","Omicidio volontario aggravato dalla premeditazione e dal vincolo di parentela","-","-","-","Mirko è stato ucciso dal padre a colpi d'arma da fuoco, insieme alla madre, al rientro a casa. L'uomo non accettava l'orientamento sessuale del figlio e erano frequenti le liti in casa.","settembre 2026"
"2","2026","06/01/2026","Campania","Napoli","Castel Volturno","Linda","Iyekeoretin","(F)","omicidio","Nigeria","33","Percosse","Casa della vittima","SI","-","-","sex worker","","Nigeria","32","ex partner","NO","-","-","-","-","-","","NON APPLICABILE","arrestato","Omicidio volontario aggravato dalla relazione sentimentale","-","-","-","Linda ha subito un violento pestaggio dall'ex partener che non accettava la fine della relazione.E'stata ritrovata dagli agenti nel cortile della casa in condizioni molto gravi il 23/12/2025. In casa c'era l'uomo che aveva ferite alle mani","settembre 2026"
"45","2026","09/07/2026","Marche","Ancona","Loreto","Luigia","Fortunato","(F)","omicidio","Italia","33","Arma da fuoco","Casa condivisa","-","-","-","operaia","Luigia è stata colpita più volte con un coltello durante una lite in casa. I due vivevao separati in casa da tempo ed avevano avuto una discussione al centro estivo del figlio. Lui dichiara che il coltello lo impugnava lei e lui glielo ha tolto e poi l'ha colpita. E' stato lui a consegnarsi ai carabinieri dicendo di averla uccisa.","Tunisia","38","marito","NO","-","SI","-","erano separati in casa, discussioni sulla gestione del figlio","-","1","NO","arrestato, imputato per omicidio volontario pluriaggravato","Omicidio volontario pluriaggravato](1.2.4, 1.3.5) (artt. 575 e 577 c.p.) dall'uso dell'arma. : Secondo gli inquirenti, allo stato attuale delle indagini non sono emersi elementi di passati maltrattamenti, persecuzioni o denunce formali da parte della donna. Manca, a livello legale, la prova immediata di quel contesto di sottomissione, controllo patriarcale o odio misogino richiesto dalla norma del 2025 per configurare il 577-bis c.p..","-","-","-","Luigia è stata colpita più volte con un coltello durante una lite. I due vivevano separati in casa da tempo ed avevano avuto una discussione al centro estivo del figlio. Lui dichiara che il coltello lo impugnava lei e lui glielo ha tolto e poi l'ha colpita. E' stato lui a consegnarsi ai carabinieri dicendo di averla uccisa.","settembre 2026"
"13","2026","22/02/2026","Lombardia","Mantova","Mantova","Kaur","Lovepreet","(F)","omicidio","India","21","Percosse","Spazio pubblico (parco, giardino, per strada)","-","-","-","-","Sconosciuto","Sconosciuto","","sconosciuto","NO","-","-","-","-","-","","NON APPLICABILE","-","Omicidio volontario. L'aggressione letale è stata perpetrata in uno spazio pubblico da un soggetto terzo quindi non all'interno di una una relazione affettiva caratterizzata da dinamiche di possesso, controllo e sottomissione","-","-","-","La ragazza è stata trovata ai bordi della strada con il corpo pienno di lividi. Era malata ed era stata cacciata da casa. Conosciuta ad un CAV di Mantova. Non parlava bene italiano. Orfana di madre era stata abbandonata dal padre poi cacciata di casa dall'uomo con il quale forse si era sposata, che la trattava da serva.","settembre 2026"
"23","2026","20/04/2026","Piemonte","Alessandria","Vignale monferrato","Loredana","Ferrara","(F)","omicidio","Italia","53","Coltellate","Spazio pubblico (parco, giardino, per strada)","-","-","-","lavoratrice domestica","Silvio Gambetta","Italia","57","ex partner","NO","-","-","-","-","-","1","NO","arrestato","Reato di Femminicidio Articolo 577-bis c.p.","-","-","-","Loredana è stata accoltellata dall'ex partner mentre era per strada. Ci sono testimoni che dicono che prima aveva tentato di investirla. L'ex marito di Loredana ha detto che l'ex moglie raccontava che Silvio era molto violento e per questo aveva chiuso la relazione. Loredana aveva una figlia giovane, che vive col padre/ex marito.","settembre 2026"
"14","2026","24/02/2026","Lombardia","Milano","Milano","Marianna","Pietropolli","(F)","in corso di accertamento","Brasile","31","Cadut* dal balcone/finestra","Casa condivisa","-","-","-","-","","-","","","NO","-","-","-","-","-","","NON APPLICABILE","-","Sequestro di persona, aggravato dal fatto che il tentativo di fuga dalla prigionia abbia poi causato la morte accidentale della vittima. Non c'è stata azione diretta di cagionare volontariamente la morte di una donna per motivi di genere.","-","-","-","Marianna è precipata dal quarto piano. Sembra che si fosse aggrappata alla grondaia e sono stati trovati segni sulla facciata che fanno pensare che la donna stesse fuggendo. Era ospite insiema al compagno in casa di uomo. Il compagno sembra non fosse presente. L'uomo che la ospitava dice di non essersi accorto di nulla. La famiglia con la quale viveva a Settimo Milanese ne aveva denunciato la scomparsa il 30/1 temendo che il compagno la tenesse segregata.","settembre 2026"
"50","2026","31/07/2026","Veneto","Verona","Borgo Venezia","Grazia","Rizzardi","(F)","omicidio","Italia","89","Coltellate","Casa condivisa","-","-","-","-","Andrea Rizzardi Recchia","Italia","52","figlio","NO","pittore","-","-","la donna non voleva più vivere","-","","NON APPLICABILE","arrestato per omicidio volontario","Omicidio volontario aggravato dal vincolo di parentela","-","-","-","Grazia è stata uccisa con due coltellate dal figlio con il quale viveva nella stessa casa. Lui soffriva di epilessia e prendeva medicinali. Ha avvisato lui un'amica di aver ucciso la madre-","settembre 2026"
"51","2026","06/08/2026","Abruzzo","Chieti","Altino","Gilda","Di Giuseppe","(F)","omicidio","Italia","89","Martellate","Casa della vittima","-","-","-","pensionata","Alessandro C.","Italia","25","nipote","NO","studente","-","-","-","-","","NON APPLICABILE","arrestato","Omicidio volontario aggravato con le aggravanti della minorata difesa (data l'età avanzata della vittima) e dell'aver approfittato dell'ospitalità.","-","-","-","Gilda è stata colpita ripetutamente alla testa con un martello, in casa sua, dal nipote che spesso era suo ospite e che ha aperto ai carabinieri dopo aver chiamato un parente in stato confusionale.","settembre 2026"
"52","2026","7/8/2026","Lombardia","Milano","Cesano Boscone","Liliana","Fusolo","(F)","omicidio","Italia","82","Coltellate","Casa condivisa","","SI","Alzheimer","","Guerino Luigi Dicario","Italia","84","marito","NO","-","-","-","-","-","","NON APPLICABILE","inizialmente ai domiciliari","Omicidio volontario aggravato per il vincolo coniugale","-","-","-","Liliana è stta accoltellata ripetutamente dal marito. Subito dopo l'uomo ha avvisato il figlio per telefono. Quando sono arrivati i soccorsi Liliana era ancora viva. E' morta il 12/8","settembre 2026"
"53","2026","14/8/2026","Lazio","Roma","Roma","Iole","Liberatori","(F)","omicidio","Italia","71","Percosse","Casa condivisa","-","-","","pensionata","Andrea Morabito","Italia","51","FIGLIO","NO","lavorava in una mensa","-","-","chiedeva soldi per cocaina","-","","NON APPLICABILE","ha confessato. Arresato per omicidio","Omicidio volontario aggravato dal vincolo di parentela e dai motivi abietti o futili","-","-","-","Iole è stata trovata morta in un armadio con una busta in testa. La figlia non avendo ricevo risposta ha mandato il figlio a controllare ma il figlio di Iole non lo ha fatto entrare. Il figlio di Iole viveva con lei e ha diendenze da sostanze.Iole non le ha dato i soldi che lui chiedeva e lui l'ha picchiata e poi rinchiusa in un armadio con una busta in tedsta","settembre 2026"
"54","2026","15/08/2026","Campania","Benevento","Sant'Angelo a Cupolo","Maria","D'Alessandro","(F)","omicidio","Italia","73","Coltellate","Casa condivisa","-","-","","","Faustino Cardillo","Italia","75","marito","TENTATO","-","-","-","litigio","-","","NON APPLICABILE","-","Omicidio volontario aggravato dal vincolo di coniugio","Derubricato da reato da femminicidio a omicidio volontario aggravato dal vincolo coniugale","-","-","Maria è stata accoltellata dal marito al termine di un litigio. Poi ha tentato il suicidio con la stessa arma","settembre 2026"
"55","2026","16/08/2026","Calabria","Cosenza","Trenisacce","Ornella","Forastefano","(F)","omicidio","Italia","46","Percosse","Casa della vittima","-","-","","gestiva un bar a Trebisacce con i figli","Elvis Metvelai","Albania","42","partner","NO","-","SI","-","-","-","","NON APPLICABILE","lui è stato arrestato al porto di Bari e sottoposto a fermo","Reato di Femminicidio Articolo 577-bis c.p.","-","-","-","Ornella è stata abbandonata al pronto soccorso di Trabisacce con traumi e gravi lesioni dovute a percosse, E' morta nella notte. Il partner, conosciuto daggli inquirenti per reati per stupefacenti, è stato trovato al porto di Bari . I familiari di Ornella sono legati alla mafia","settembre 2026"
"56","2026","16/08/2026","Veneto","Venezia","Camponogara","Tania","Terrin","(F)","omicidio","Italia","39","Strangolamento","Casa della vittima","-","-","","impiegata in officina","Dino Keber","Italia","43","ex partner","SI","meccanico e titolare officina","SI","-","-","SI","","NON APPLICABILE","si è ucciso impiccandosi","Estinzione del reato per decesso","-","-","-","Tania è stata trovata seduta sul divano di casa sua. La mamma aveva dato l'allarme perchè non rispondeva. L'assassino sicuramente è entrato in casa e poi l'ha strozzata da dietro. Ad aprile aveva gia provato a strozzarla e lei aveva perso i sensi ed era andata all'ospedale. Denunciato per maltrattamenti e stalking, querelato ben 7 volte aveva divieto di avvicinamento senza braccialetto. E' stato trovato morto impiccato nella sua abitazione. Keber era seguito dai servizi sanitari per precedenti di dipendenza. Lui aveva costruito un cappio per il collo che mostrava a Tania quando lei voleva lasciarlo","settembre 2026"
"57","2026","17/8/2026","Sardegna","Cagliari","Solanas","Michela","Rubiu","(F)","omicidio","Italia","47","Arma da fuoco","Spazio pubblico (parco, giardino, per strada)","-","-","","gestiva un bar con il marito","Alessandro Pintus","Italia","39","marito","NO","gestiva un bar con la moglie","","SI","-","-","2","NO","Lui ha poi tentato di investire un testimone che era al bar e poi  andato a casa dei genitori e ha ucciso il fratello, I fatti sono accaduti il 23/7 e Michela è morta dopo 25 giorni. Ora lui è accusato di duplice omicidio.Si era presentato in caserma dicendo di aver ucciso moglie e fratello","Omicidio volontario plurimo aggravato dalla premeditazione","-","1","fratello","Michela è stata colpita alla testa da un colpo di pistola sparato dal marito mentre era al bar la mattina presto. Forse al culmine di una lite. Il marito è poi andato a casa dei genitori dove viveva il fratello e lo ha ucciso. Poi è andato in caserma  e si è costituito. Michela è morta dopo un mese di agonia. Ancora ignoti i motivi","settembre 2026"
"58","2026","18/08/2026","Lazio","Roma","Colleferro","Joanna","Roussi","(F)","omicidio","Polonia","50","Coltellate","Casa della vittima","-","-","","operatrice OSS","Mohamed Habib Rouissi","Tunisia","69","marito","NO","muratore in pensione","-","-","-","-","4","SI","I figli presi in carico in una struttura protetta. Uomo arrestato","Omicidio volontario pluriaggravato","-","-","-","Joanna +stata accoltellata a collo dal marito, al culmine di una lite, davanti al figlio di 9 anni. La figlia di Joanna rincasando ha chiamato i soccorsi. In casa c'era anche il figlio di 20 anni che ha cercato invano di fermare il padre. L'uomo ha abbandonato l'arma ed è uscito di casa ed è stato rintracciato ed ha confessato. La coppia ha 5 figli con età tra i 9 e i 20 anni","settembre 2026"
"59","2026","18/08/2026","Calabria","Cosenza","Villaggio Frassa-Corigliano Rossano","Carmela","Bifano","(F)","omicidio","Italia","72","Corpo contundente","Campagna, Bosco","-","-","","","Pietro Scintu","Italia","80","marito","NO","-","-","-","-","-","","NON APPLICABILE","in stato di fermo come indiziato di delitto","Omicidio volontario aggravato dal vincolo coniugale","-","-","-","Carmela è stata trovata morta in un agrumeto di famiglia con ferite alla testa risultate essere procrate da pietre. Il marito aveva raccontato di aver visto due uomini allontanarsi ma sembra che sia stato lui l'autore del delittto","settembre 2026"
"60","2026","20/08/2026","Basilicata","Potenza","Tito","Mara Vittoria","Carbone","(F)","omicidio","Italia","57","Corpo contundente","Casa dell'autore","-","-","","","Giammpiero Santamaria","Italia","31","figlio","NO","-","-","-","litigio. Sia Maria Vittoria che il figlio erano seguiti da servizi sociali per situazioni psichiche fragili","-","","NON APPLICABILE","Il figlio ha confessato ed è stato arrestato per omicidio","Omicidio volontario aggravato dal vincolo di parentela","-","-","-","Maria Vittoria è stata trovata morta all'interno dell'appartamento del figlio. Sembra che in seguito a un litigio x futili motivi il figlio l'abbia colpita ripetutamente in testa e sul viso. Il figlio era in cario al centro di salute mentale di Potenza e in questi giorni era aiutato dal padre, separato da anni da Maria Vittoria. Il figlio viveva in una casa sua vicino al padre. Maria Vittoria abitava in un paese vicino ed era seguita dai servizi sociali del luogo pe una situazione psichica fragile","settembre 2026"
"61","2026","23/08/2026","Sicilia","Catania","Riposto","Noemi","Impellizzeri","(F)","in corso di accertamento","Italia","33","Impiccagione","Casa della vittima","-","-","","","Tony Proietto","Italia","46","","NO","-","-","-","-","-","3","NO","Indagato per omicidio","Omicidio volontario","-","-","-","Noemi è stata trovata impiccata in casa dall amico Tony Proietto che è uscito per avvisare il fratello. I vicini hanno poi visto fumo uscire dall'abitazione e hanno allertato i pompieri che hanno spento un principio di incendio e hanno trovato Noemi impiccata. L'uomo sostiene che non aveva una relazione con Noemi perchè sposato e con due figli e che Noemi aveva fatto presente che voleva impiccarsi. La famiglia sostiene che frequentava un uomo, tornato dall'Olanda che loro ritengono essere il responsabile. I rilievi hanno trovato tracce di solvente e di rogo doloso. L'autopsia per ora non ha dato indicazioni univoche","settembre 2026"
"62","2026","25/08/2026","Piemonte","Torino","San Francesco al Campo","Stefania","Halip","(F)","in corso di accertamento","Italia","24","In corso di accertamento","Spazio pubblico (parco, giardino, per strada)","-","-","","studentessa e cameriera","","","","","","-","-","-","-","-","","NON APPLICABILE","Procura di Ivrea ha aperto fascicolo per istigazione al suicidio","Istigazione o induzione al suicidio","-","-","-","Stefania è stata ritrovata sul greto del torrente Fisca, era scomparsa da casa il 23/8. La famiglia aveva denunciato la scomparsa. Il giorno prima erano rientrati da una vacanza al mare e la mattina non hanno ritrovato Stefania che sembra essersi allontanata nella notte-","settembre 2026"
"63","2026","27/07/2026","Emilia Romagna","Parma","Parma","Sara","Lodi","(F)","in corso di accertamento","Italia","45","Coltellate","Casa della vittima","-","-","-","disoccupata","","","","","","-","-","-","-","-","","NON APPLICABILE","in attesa autopsia x stabilire se suicidio o femminicidio","Al momento non è stato formulato alcun capo di imputazione formale definitivo","-","-","-","Sara è stata ritrovata morta nella sua casa con diverse ferite da taglio. In casa c'erano anche molte tracce di sangue. Gli inquirenti hanno disposto l'autopsia perchè non è chiaro se siano ferite autoprocurate da Sara. L'ex partner è in Svizzera con la figlia e l'attuale partner è stato ascoltato. La madre ha lanciato l'allarme","settembre 2026"
"64","2026","29/08/2026","Friuli Venezia Giulia","Udine","San Giovanni al Natisone","Chen","Fengjiao","(F)","omicidio","Cina","54","Coltellate","Casa condivisa","-","-","","lavorava in tappezzeria con il marito","Wang Qizhang","Cina","52","marito","NO","lavorava nella loro tappezzeria","SI","-","-","SI","","NON APPLICABILE","arrestato","Omicidio volontario aggravato dal vincolo coniugale e dalla crudeltà","-","-","-","Chen è stata trovata morta in casa con un taglio profondo al collo. Lei e il marito stavano litigando e i vicini hanno sentito le sue grida di aiuto e hanno chimato il 112. Due anni prima Chen aveva denunciato il marito per maltrattamenti. Lui era tornato in Cina ma poi era ritornato a vivere con lei. Le liti erano frequenti.","settembre 2026"
"65","2026","30/08/2026","Lazio","Roma","Roma","G.","A.","(F)","omicidio","Italia","49","Percosse","Casa condivisa","-","-","","dogsitter e badante","","Italia","16","figlio","NO","-","-","-","-","-","","NON APPLICABILE","ricoverato in psichiatria","","-","-","-","La donna è stata picchiata dal figlio. Non si sa ancora se è caduta e ha battuto la testa o se è stata picchiata con un corpo contundente. Il figlio ha dato l'allarme e ha aspettato gli agenti sul portone. La sera prima erano intervenuti gli agenti perchè il ragazzo li aveva chiamati dicendo che la madre gli stava facendo bere alcolici. Non era vero.","settembre 2026"
"66","2026","31/08/2026","Lazio","Roma","Roma","Bianca","Ambasciano","(F)","omicidio","Italia","5","Arma da fuoco","Casa condivisa","-","SI","Nata 2 mesi prima del tempo. Paralisi celebrale, disabilità motoria e cognitiva.","","Luca Ambasciano e Valentina Pambianco","Italia","42","genitori","SI","lui informatico e lei si era licenziata da una ditta di telefonia per stare dietro a Bianca","-","-","non ce la facevano.Hanno lasciato molte lettere","-","","NON APPLICABILE","-","Estinzione del reato per decesso","-","-","-","Bianca è stata trovata uccisa con un colpo di pistola così come i genitori. Sono stati loro ad ucciderla e poi ad uccidersi. Hanno ucciso anche il cane. La bambina aveva una grave disabilità e i genitori avevano provato anche cure all'estero per migliorare la sua condizione. Erano seguiti dai servizi sociali.","settembre 2026"
"67","2026","31/08/2026","Lazio","Roma","Roma","Adriana","Furlani","(F)","omicidio","Italia","83","Soffocamento","Casa della vittima","-","-","","","Giorgio Prelec","Italia","54","figlio","SI","gestiva per conto di Risorse per Roma il personale da assegnare al IV municipio","-","-","-","-","","NON APPLICABILE","-","Estinzione del reato per decesso","-","-","-","Adriana è stata soffocata con un cuscino dal figlio che poi si è gettato dal balcone. Un amica del figlio aveva dato l'allarme perchè non lo aveva visto a lavoro. I vicini hanno sentito urla e poi lui è stato un pò sul balcone e all'arrivo dei pompieri si è gettato","settembre 2026"
"68","2026","03/09/2026","Liguria","Savona","Finale Ligure","Paola","Siri","(F)","omicidio","Italia","60","Arma da fuoco","Casa condivisa","-","-","","architetto","Daniele Baruzzo","Italia","59","marito","SI","-","-","-","-","-","","NON APPLICABILE","-","Estinzione del reato per decesso","-","1","Figlio Mattia Baruzzo 15 anni","Paola, il figlio Mattia e il marito sono stati trovati morti con un copo di pistola nella loro villetta. Paola e il figlio dovrebbero essere stati uccisi nel sonno. Il marito/padre si è poi ucciso. Ha lasciato lettere poco chiare di problemi familiari","settembre 2026"
"69","2026","03/09/2026","Toscana","Firenze","Calenzano","Lorena","Isceri","(F)","omicidio","Italia","47","Gettata da cavalcavia","Spazio pubblico (parco, giardino, per strada)","-","-","","dirigente azienda","Federico Vella","Italia","36","ex partner","SI","-","-","-","Lorena aveva interroto la relazione","-","","NON APPLICABILE","-","Estinzione del reato per decesso","-","-","-","Lorena è stata aggredita nel suo garage dal suo assassino che l'ha immobilizzata e messa nel bagagliaio dell'auto. Poi ha preso l'autostrada. L'uomo ha lasciato nel bagagliaio lo zainetto con dentro un cellulare. Lorena dal bagagliaio è riuscita a chiamare il 112 e un amico ed è stata al telefono per 20 minuti. Vella si è accorto di non avere lo zainetto e ha capito che Lorena aveva telefonato. Si è fermato e l'ha gettata da un cavalcavia. La polizia lo ha trovato sospeso oltre il guard rail, e ha provato a fermarlo. Lui si è gettato, dopo aver mandato un messaggio alla madre di Lorena dicendole che la figlia era morta. In auto sono stati trovati un lenzuolo e fascette.","settembre 2026"